City_ID,City,Lat,Lng,Max Temp,Humidity,Cloudiness,Wind Speed,Country,Date
0,avarua,-21.2078,-159.775,28.03,74,40,6.17,CK,1707680073
1,blackmans bay,-43.0167,147.3167,14.18,86,100,1.06,AU,1707679868
2,margaret river,-33.95,115.0667,17.8,78,43,7.36,AU,1707680074
3,vila franca do campo,37.7167,-25.4333,18.27,99,51,7.31,PT,1707680074
4,castillos,-34.1667,-53.8333,32.49,47,0,7.75,UY,1707680075
5,hithadhoo,-0.6,73.0833,26.96,79,27,3.46,MV,1707680070
6,lihue,21.9789,-159.3672,23.58,80,75,3.09,US,1707679794
7,happy valley-goose bay,53.3168,-60.3315,1.17,93,100,0.0,CA,1707679811
8,pisco,-13.7,-76.2167,28.03,65,0,9.26,PE,1707680076
9,klyuchi,52.2667,79.1667,-13.33,88,72,6.57,RU,1707680077
10,bubaque,11.2833,-15.8333,26.56,64,0,5.64,GW,1707680077
11,college,64.8569,-147.8028,-5.52,89,100,2.57,US,1707680078
12,cativa,9.3606,-79.8436,32.33,73,77,6.26,PA,1707680078
13,edinburgh of the seven seas,-37.0676,-12.3116,18.05,68,42,7.85,SH,1707680078
14,utrik,11.2278,169.8474,26.05,74,100,10.89,MH,1707680079
15,ribeira grande,38.5167,-28.7,18.22,82,40,8.75,PT,1707680080
16,georgetown,5.4112,100.3354,27.96,76,20,4.12,MY,1707680081
17,hermanus,-34.4187,19.2345,21.0,68,22,4.42,ZA,1707680082
18,saint-joseph,-21.3667,55.6167,26.21,82,41,1.8,RE,1707680082
19,vorgashor,67.5833,63.95,-31.29,100,100,1.89,RU,1707680083
20,albany,42.6001,-73.9662,6.21,68,100,0.89,US,1707680008
21,tanjungagung,-3.9333,103.8,23.01,97,97,1.4,ID,1707680083
22,iquitos,-3.7481,-73.2472,29.02,84,75,2.06,PE,1707680084
23,mangalia,43.8,28.5833,12.57,73,100,9.51,RO,1707680084
24,klaksvik,62.2266,-6.589,4.51,89,94,6.82,FO,1707680085
25,port-aux-francais,-49.35,70.2167,8.78,94,100,14.95,TF,1707680038
26,waitangi,-43.9535,-176.5597,12.12,76,100,1.79,NZ,1707680086
27,mont-dore,-22.2833,166.5833,27.22,99,98,4.6,NC,1707680086
28,kodiak,57.79,-152.4072,-0.27,100,75,0.0,US,1707680035
29,jamestown,42.097,-79.2353,1.8,80,100,2.57,US,1707680029
30,antsiranana,-12.2787,49.2917,25.04,92,100,4.7,MG,1707679949
31,oum hadjer,13.2954,19.6966,28.37,10,0,4.23,TD,1707680059
32,ubari,26.5921,12.7805,20.81,9,48,4.04,LY,1707680089
33,bouake,7.6895,-5.0218,33.06,31,0,2.06,CI,1707680089
34,tiksi,71.6872,128.8694,-34.41,100,100,1.15,RU,1707680090
35,papatowai,-46.5619,169.4708,12.27,75,100,5.12,NZ,1707679892
36,gillette,44.2911,-105.5022,4.46,41,75,5.66,US,1707680091
37,pinhal novo,38.6311,-8.9138,17.89,100,75,5.14,PT,1707680091
38,bethel,41.3712,-73.414,8.65,61,0,3.09,US,1707679906
39,arraial do cabo,-22.9661,-42.0278,30.98,58,0,10.29,BR,1707680092
40,stanley,54.868,-1.6985,5.77,92,40,5.14,GB,1707679851
41,barkot,30.8167,78.2,8.07,39,4,2.34,IN,1707680093
42,igrim,63.1906,64.4162,-30.55,99,13,1.32,RU,1707680093
43,robertson,36.5167,-86.8667,13.91,90,100,3.09,US,1707680094
44,la passe,45.5549,-0.8967,8.32,78,80,3.06,FR,1707680094
45,santa terezinha,-29.9002,-50.0904,31.74,55,56,2.49,BR,1707680095
46,talnakh,69.4865,88.3972,-32.64,85,16,0.95,RU,1707680095
47,minas de marcona,-15.2119,-75.1103,24.01,59,90,6.85,PE,1707679976
48,inhambane,-23.865,35.3833,24.99,88,40,3.09,MZ,1707680096
49,adamstown,-25.066,-130.1015,25.09,89,72,10.93,PN,1707680096
50,olonkinbyen,70.9221,-8.7187,-3.14,62,100,4.56,SJ,1707680096
51,nova sintra,14.8667,-24.7167,20.97,75,0,3.81,CV,1707680097
52,iqaluit,63.7506,-68.5145,-21.15,71,75,1.54,CA,1707680098
53,huayin,34.5675,110.0921,6.7,60,0,1.55,CN,1707680098
54,puerto natales,-51.7236,-72.4875,12.25,54,75,6.69,CL,1707680099
55,egilsstadir,65.2653,-14.3948,-0.05,93,100,8.23,IS,1707680099
56,wailua homesteads,22.0669,-159.378,24.3,78,75,3.09,US,1707680100
57,yellowknife,62.456,-114.3525,-6.99,86,20,0.0,CA,1707679905
58,saldanha,-33.0117,17.9442,26.03,70,0,4.94,ZA,1707680100
59,avrameni,48.0167,26.95,10.02,60,21,2.33,RO,1707680101
60,inarajan village,13.2736,144.7484,26.54,80,55,7.28,GU,1707680101
61,island harbour,50.724,-1.2758,8.45,84,11,1.79,GB,1707680102
62,flying fish cove,-10.4217,105.6791,28.09,63,75,3.04,CX,1707680102
63,tura,25.5198,90.2201,13.19,54,5,0.49,IN,1707680103
64,adam,22.3756,57.5233,21.02,78,93,4.1,OM,1707680103
65,westport,41.1415,-73.3579,9.36,57,0,4.12,US,1707680104
66,kone,-21.0595,164.8658,25.24,86,1,1.01,NC,1707680104
67,tarauaca,-8.1614,-70.7656,27.99,84,100,1.34,BR,1707680105
68,ilulissat,69.2167,-51.1,-17.99,71,40,4.63,GL,1707680046
69,la ronge,55.1001,-105.2842,-1.86,64,20,6.17,CA,1707680106
70,ujae,8.9322,165.7642,26.82,72,99,10.93,MH,1707680106
71,mombetsu,44.3525,143.3525,-7.49,93,100,2.67,JP,1707680107
72,labrador city,52.9463,-66.9114,-5.46,80,100,5.14,CA,1707679971
73,longyearbyen,78.2186,15.6401,-6.09,86,75,3.09,SJ,1707680108
74,kalmunai,7.4167,81.8167,25.07,82,44,4.73,LK,1707680108
75,hawaiian paradise park,19.5933,-154.9731,21.69,90,100,4.12,US,1707680030
76,lata,40.1629,-8.3327,12.82,95,100,3.71,PT,1707680109
77,rosarito,32.3333,-117.0333,19.79,32,0,1.75,MX,1707680109
78,ushuaia,-54.8,-68.3,9.81,76,75,9.26,AR,1707680095
79,missoula,47.0166,-113.8009,-2.31,64,100,1.17,US,1707680110
80,manta,-0.95,-80.7333,27.88,83,75,6.71,EC,1707680111
81,kangaba,11.9333,-8.4167,30.19,8,0,1.78,ML,1707680111
82,mahibadhoo,3.7833,72.9667,27.94,75,100,8.83,MV,1707680112
83,goundam,16.4145,-3.6708,25.91,7,0,2.67,ML,1707680112
84,gunjur,13.2019,-16.7339,29.04,48,0,7.2,GM,1707680113
85,saint-philippe,-21.3585,55.7679,26.77,88,43,4.78,RE,1707680113
86,akjoujt,19.6969,-14.4164,28.62,31,0,4.48,MR,1707680114
87,bandarbeyla,9.4942,50.8122,25.95,72,21,4.03,SO,1707680040
88,al kharijah,25.4514,30.5464,15.23,26,49,1.61,EG,1707680115
89,ksar el boukhari,35.8889,2.7491,9.42,74,75,3.09,DZ,1707680116
90,kingston,17.997,-76.7936,29.58,63,20,8.75,JM,1707679932
91,kavieng,-2.5744,150.7967,28.19,73,87,4.0,PG,1707680116
92,thompson,55.7435,-97.8558,-10.91,85,100,2.06,CA,1707680117
93,nemuro,43.3236,145.575,-5.51,73,64,0.63,JP,1707680117
94,sabana de torres,7.3915,-73.4957,35.34,37,17,1.78,CO,1707680118
95,bilibino,68.0546,166.4372,-32.94,100,100,1.51,RU,1707680118
96,azul,-36.777,-59.8585,33.07,38,51,3.55,AR,1707680119
97,kokpekty,48.75,82.4,-12.03,82,18,6.02,KZ,1707680120
98,dudinka,69.4058,86.1778,-34.07,97,29,0.89,RU,1707680120
99,ambon,-3.6954,128.1814,28.08,78,40,3.6,ID,1707680121
100,kivioli,59.3531,26.9711,-6.14,94,100,4.21,EE,1707680121
101,grytviken,-54.2811,-36.5092,5.17,85,22,4.68,GS,1707680122
102,usinsk,65.9939,57.5281,-31.63,100,97,1.34,RU,1707680122
103,chonchi,-42.6128,-73.8092,16.56,95,100,1.78,CL,1707679884
104,ninghai,29.2892,121.4247,5.68,85,0,1.27,CN,1707680053
105,cidreira,-30.1811,-50.2056,26.9,78,42,4.28,BR,1707679869
106,saraktash,51.7866,51.7866,-20.43,99,28,2.93,RU,1707680124
107,mineros,-17.1167,-63.2333,31.15,59,100,3.34,BO,1707680124
108,tumaco,1.7986,-78.8156,28.16,77,46,3.97,CO,1707680125
109,northam,51.0333,-4.2167,7.59,89,42,6.5,GB,1707680008
110,kremenets,50.0969,25.7246,8.26,79,100,3.92,UA,1707680126
111,dunedin,-45.8742,170.5036,13.22,72,100,1.34,NZ,1707680126
112,san juan,-31.5375,-68.5364,35.57,30,0,3.17,AR,1707680003
113,metlili chaamba,32.2667,3.6333,17.52,29,16,3.09,DZ,1707680127
114,lazaro cardenas,17.9583,-102.2,27.37,59,0,4.17,MX,1707679971
115,anadyr,64.75,177.4833,-23.72,84,75,5.0,RU,1707680128
116,petropavlovsk-kamchatsky,53.0452,158.6483,-17.53,81,0,6.0,RU,1707680117
117,namsos,64.4662,11.4957,-5.97,68,64,8.23,NO,1707680129
118,bamboo flat,11.7,92.7167,28.05,78,40,2.57,IN,1707680130
119,nichinan,31.6,131.3667,7.82,72,0,3.32,JP,1707680130
120,filadelfia,39.9523,-75.1638,10.03,64,100,1.54,US,1707679997
121,kerikeri,-35.2268,173.9474,14.39,88,46,1.72,NZ,1707679844
122,malango,-2.9627,119.9001,20.39,99,100,0.39,ID,1707680132
123,cockburn town,21.4612,-71.1419,25.98,50,40,5.14,TC,1707680132
124,igarka,67.4667,86.5833,-28.9,85,8,3.03,RU,1707680133
125,port mathurin,-19.6833,63.4167,27.27,84,100,7.93,MU,1707680058
126,aasiaat,68.7098,-52.8699,-24.62,99,99,5.53,GL,1707680084
127,susuman,62.7833,148.1667,-34.61,100,100,0.48,RU,1707680075
128,weno,7.4515,151.8468,26.97,83,75,4.12,FM,1707680066
129,mandvi,22.8333,69.3667,19.41,21,100,3.84,IN,1707680135
130,chulym,55.0997,80.9572,-17.29,95,100,4.76,RU,1707680135
131,saint-pierre,-21.3393,55.4781,26.82,78,0,6.69,RE,1707680136
132,princeville,45.7668,-61.2985,4.25,96,100,4.12,CA,1707680136
133,salinopolis,-0.6136,-47.3561,27.94,81,82,7.05,BR,1707680137
134,hit,33.6416,42.8251,16.5,48,0,3.37,IQ,1707680137
135,port elizabeth,-33.918,25.5701,22.28,80,0,6.17,ZA,1707680106
136,ust-nera,64.5667,143.2,-34.07,100,100,1.18,RU,1707680138
137,enewetak,11.3474,162.3373,26.38,75,100,10.45,MH,1707680139
138,whitehorse,60.7161,-135.0538,-2.57,73,75,4.63,CA,1707679857
139,bodaybo,57.8506,114.1933,-14.34,96,100,1.27,RU,1707680139
140,chibougamau,49.9168,-74.3659,-8.21,79,100,3.6,CA,1707680140
141,codrington,-38.2667,141.9667,14.33,95,2,1.75,AU,1707680141
142,acapulco de juarez,16.8634,-99.8901,28.9,65,0,5.66,MX,1707679985
143,holualoa,19.6228,-155.9522,24.2,74,0,1.54,US,1707680142
144,bredasdorp,-34.5322,20.0403,19.65,76,100,4.92,ZA,1707680033
145,joniskis,56.2403,23.6153,0.51,98,100,4.46,LT,1707680143
146,jaca,42.569,-0.5499,2.21,86,89,1.7,ES,1707680143
147,coahuayana de hidalgo,18.7,-103.6583,29.28,49,76,3.25,MX,1707680144
148,talcahuano,-36.7167,-73.1167,18.82,63,0,5.66,CL,1707680145
149,fortuna,40.5982,-124.1573,16.63,79,75,0.89,US,1707680145
150,zouerate,22.7187,-12.4521,23.56,30,0,3.6,MR,1707680146
151,sterling,39.0062,-77.4286,11.23,85,100,2.57,US,1707680146
152,punta arenas,-53.15,-70.9167,13.06,47,40,13.38,CL,1707680147
153,itacare,-14.2775,-38.9967,26.27,87,100,3.36,BR,1707680147
154,huarmey,-10.0681,-78.1522,27.03,73,91,5.35,PE,1707680148
155,vadso,70.0744,29.7487,-12.91,92,75,4.12,NO,1707680148
156,mili,6.0815,171.735,27.65,79,63,10.25,MH,1707679901
157,atlantic,39.4668,-74.6663,10.71,71,100,4.12,US,1707680149
158,cao bang,22.6667,106.25,12.14,76,3,0.43,VN,1707680150
159,sao felix do xingu,-6.6447,-51.995,25.77,96,91,1.62,BR,1707680150
160,las heras,-46.5419,-68.9359,16.81,30,100,15.16,AR,1707680150
161,alofi,-19.0595,-169.9187,28.94,84,100,3.6,NU,1707680151
162,fandriana,-20.2333,47.3833,18.74,96,100,1.32,MG,1707680151
163,atafu village,-8.5421,-172.5159,28.08,78,100,2.47,TK,1707679922
164,kargopol',61.5071,38.9456,-21.13,100,100,0.68,RU,1707680153
165,tamanrasset,22.785,5.5228,17.95,8,0,2.57,DZ,1707680153
166,ancud,-41.8697,-73.8203,15.88,78,82,4.55,CL,1707680116
167,hami,42.8,93.45,0.14,50,0,2.03,CN,1707680154
168,luganville,-15.5333,167.1667,26.23,83,0,2.34,VU,1707680155
169,usogorsk,63.4106,48.6872,-22.96,100,97,1.46,RU,1707679857
170,acajutla,13.5928,-89.8275,29.56,53,1,3.85,SV,1707680155
171,puerto leguizamo,-0.1934,-74.7819,27.91,87,64,1.4,CO,1707680156
172,bitam,2.076,11.5007,26.25,71,100,1.97,GA,1707680156
173,kalifornsky,60.4183,-151.29,-6.83,100,0,3.09,US,1707680157
174,hasaki,35.7333,140.8333,3.22,94,100,8.44,JP,1707680157
175,timmins,48.4669,-81.3331,-7.1,79,100,2.57,CA,1707680158
176,manado,1.487,124.8455,25.43,94,40,4.12,ID,1707680155
177,pindiga,9.9833,10.9333,26.64,16,5,3.42,NG,1707680159
178,gadzhiyevo,69.2551,33.3362,-13.63,90,100,3.74,RU,1707680159
179,mzimba,-11.9,33.6,18.5,94,100,0.52,MW,1707680160
180,golhisar,37.1459,29.5088,7.0,76,93,3.21,TR,1707680160
181,west island,-12.1568,96.8225,27.99,78,40,4.12,CC,1707680098
182,puerto aysen,-45.4,-72.7,14.54,59,57,4.05,CL,1707680161
183,quartu sant'elena,39.2419,9.1839,13.16,71,20,3.6,IT,1707680044
184,ar ruways,24.1103,52.7306,19.18,75,71,4.39,AE,1707680162
185,san,13.3034,-4.8956,30.55,6,0,3.52,ML,1707680163
186,port saint john's,-31.6229,29.5448,21.02,78,98,2.91,ZA,1707679867
187,nar'yan-mar,67.6713,53.087,-30.5,100,47,1.79,RU,1707680096
188,point pedro,9.8167,80.2333,26.63,69,3,7.74,LK,1707680164
189,puerto ayora,-0.7393,-90.3518,31.98,90,49,3.58,EC,1707680107
190,hamilton,39.1834,-84.5333,10.7,63,0,4.02,US,1707680050
191,rongelap,11.1635,166.8941,26.12,80,100,10.18,MH,1707680166
192,fort bragg,35.139,-79.006,19.34,85,100,5.14,US,1707680166
193,laojunmiao,39.8333,97.7333,-2.72,21,56,1.18,CN,1707680167
194,maputo,-25.9653,32.5892,25.82,57,75,4.63,MZ,1707680167
195,lisala,2.15,21.5167,29.95,34,88,1.08,CD,1707680168
196,as-suwayda,32.709,36.5695,10.29,55,93,1.99,SY,1707680168
197,dabhol,17.6,73.1667,23.9,56,3,4.82,IN,1707680169
198,lourical,40.0039,-8.7374,13.16,98,100,4.68,PT,1707680169
199,kongolo,-5.3833,27.0,21.55,92,31,0.83,CD,1707680170
200,jiwani,25.05,61.7417,20.74,78,100,4.59,PK,1707680171
201,brookings,44.3114,-96.7984,5.03,71,12,1.79,US,1707680171
202,ketchikan,55.3422,-131.6461,2.99,100,100,5.14,US,1707679932
203,papao,-17.75,-149.55,28.7,90,97,12.49,PF,1707680172
204,arteche,12.2645,125.4048,24.1,87,100,7.43,PH,1707680172
205,puerto armuelles,8.2833,-82.8667,33.99,56,12,2.24,PA,1707680162
206,las tablas,7.7667,-80.2833,33.99,99,58,10.13,PA,1707680174
207,la'ie,21.6477,-157.9253,25.34,75,2,0.45,US,1707680095
208,kholmsk,47.0511,142.0569,-13.66,88,79,1.47,RU,1707680175
209,cidade velha,14.9167,-23.6167,25.26,65,20,8.23,CV,1707680175
210,nyurba,63.2842,118.3319,-26.94,98,100,3.7,RU,1707680176
211,natal,-5.795,-35.2094,31.36,66,40,5.66,BR,1707680048
212,ola,59.5833,151.2833,-22.47,88,100,3.25,RU,1707680171
213,cajabamba,-7.6167,-78.05,22.4,47,41,2.06,PE,1707680178
214,khandyga,62.6667,135.6,-39.34,98,41,1.27,RU,1707680178
215,kangding,30.0513,101.9603,2.55,63,61,2.59,CN,1707680179
216,bikenibeu village,1.3673,173.1241,27.98,89,75,4.12,KI,1707680179
217,afif,23.9065,42.9172,13.24,25,0,4.32,SA,1707680180
218,uturoa,-16.7333,-151.4333,27.69,87,100,10.0,PF,1707680180
219,bonthe,7.5264,-12.505,27.24,81,16,4.85,SL,1707679935
220,san ignacio,17.1561,-89.0714,31.08,62,0,2.06,BZ,1707680181
221,tolanaro,-25.0319,46.9987,27.04,89,40,7.2,MG,1707680182
222,karratha,-20.7377,116.8463,27.65,82,0,6.13,AU,1707680182
223,praia da vitoria,38.7333,-27.0667,18.14,77,20,11.18,PT,1707680183
224,kez,57.8979,53.7152,-19.26,100,100,1.84,RU,1707680183
225,xiongzhou,25.1167,114.3,8.75,70,0,0.32,CN,1707680184
226,vilyuchinsk,52.9306,158.4028,-16.71,85,13,3.9,RU,1707680184
227,north battleford,52.7834,-108.2847,-0.89,64,0,8.23,CA,1707679927
228,san patricio,28.017,-97.5169,27.97,34,0,9.26,US,1707680185
229,lebu,-37.6167,-73.65,16.76,74,100,7.25,CL,1707680152
230,salalah,17.0151,54.0924,25.05,78,40,2.57,OM,1707680187
231,puquio,-14.7,-74.1333,15.56,75,100,4.88,PE,1707680187
232,mikuni,36.2171,136.1519,5.95,56,100,8.82,JP,1707680188
233,galliano,29.4422,-90.2992,24.0,78,100,7.72,US,1707680188
234,kalix,65.853,23.1565,-25.81,99,36,1.28,SE,1707680188
235,ta`u,-14.2336,-169.5144,28.63,81,100,6.53,AS,1707680189
236,khovd,48.0056,91.6419,2.58,45,27,17.84,MN,1707680189
237,makoua,0.0069,15.6333,28.91,49,74,1.22,CG,1707680190
238,viedma,-40.8135,-62.9967,36.16,15,7,8.75,AR,1707680143
239,santa rosa,14.3122,121.1114,25.06,79,42,7.33,PH,1707680191
240,ar ruseris,11.8659,34.3869,27.94,14,3,4.19,SD,1707680191
241,haiku-pauwela,20.9219,-156.3051,23.91,76,20,2.24,US,1707679987
242,merlo,-32.3429,-65.014,26.98,69,83,2.58,AR,1707680192
243,iskateley,67.6803,53.1512,-30.55,100,38,1.79,RU,1707680027
244,nathdwara,24.9333,73.8167,11.91,31,100,1.99,IN,1707680193
245,khedbrahma,24.0333,73.05,16.65,23,100,3.26,IN,1707680194
246,vorkuta,67.5,64.0,-30.51,100,100,2.14,RU,1707680055
247,corner brook,48.9667,-57.9484,1.09,100,100,1.32,CA,1707680195
248,reidsville,36.3549,-79.6645,14.15,88,100,1.54,US,1707679910
249,beyneu,45.3167,55.2,3.9,80,100,8.15,KZ,1707680195
250,polkowice,51.5039,16.0726,8.43,94,100,4.75,PL,1707680196
251,hurricane,37.1753,-113.2899,8.05,39,0,0.89,US,1707680193
252,ca mau,9.1769,105.15,24.48,73,7,4.5,VN,1707680197
253,gaspe,48.8334,-64.4819,1.95,93,100,0.0,CA,1707680001
254,constantia,44.1833,28.65,12.38,64,90,7.55,RO,1707680163
255,baiona,43.4833,-1.4833,10.31,76,0,2.57,FR,1707680198
256,el calafate,-50.3408,-72.2768,11.78,43,16,10.77,AR,1707680172
257,jabal os saraj,35.1183,69.2378,2.55,35,96,2.55,AF,1707680199
258,alice springs,-23.7,133.8833,26.79,60,100,0.45,AU,1707680200
259,helena-west helena,34.5291,-90.59,9.95,84,100,5.94,US,1707680044
260,qamdo,31.1667,97.2333,-9.22,43,2,1.73,CN,1707680201
261,hendek,40.7994,30.7481,13.26,53,100,4.7,TR,1707680201
262,st. john's,47.5649,-52.7093,4.04,85,75,3.6,CA,1707680192
263,rujewa,-8.7,34.3833,20.04,91,100,0.54,TZ,1707680202
264,whangarei,-35.7317,174.3239,18.44,63,0,0.74,NZ,1707680203
265,miles city,46.4083,-105.8406,2.54,69,100,1.54,US,1707680002
266,blenheim,-41.516,173.9528,14.18,69,22,2.03,NZ,1707680204
267,kailua-kona,19.6406,-155.9956,26.27,74,0,1.54,US,1707680204
268,derazhnya,49.2692,27.4338,8.24,78,83,3.16,UA,1707680205
269,leua,48.2156,18.6071,9.72,92,100,3.11,SK,1707680205
270,olonets,60.9847,32.9698,-13.93,92,100,2.94,RU,1707680206
271,guiuan,11.0333,125.7247,26.82,71,7,9.11,PH,1707680206
272,san blas,21.5167,-105.2667,29.94,64,37,6.93,MX,1707680207
273,coquimbo,-29.9533,-71.3436,21.85,68,20,5.14,CL,1707679979
274,walvis bay,-22.9575,14.5053,19.53,77,65,0.0,NA,1707680208
275,tazovsky,67.4667,78.7,-31.7,97,100,2.5,RU,1707679946
276,nadym,65.5333,72.5167,-26.03,98,94,5.31,RU,1707680209
277,brownsburg-chatham,45.6834,-74.4159,2.49,86,100,3.51,CA,1707680209
278,oodweyne,9.4092,45.064,22.67,37,6,3.09,SO,1707680210
279,cabedelo,-6.9811,-34.8339,27.37,77,28,5.59,BR,1707680210
280,linxia chengguanzhen,35.6003,103.2064,-1.17,42,0,1.61,CN,1707680210
281,mugia,43.1041,-9.2179,13.84,88,100,9.88,ES,1707680211
282,kinango,-4.1372,39.3153,25.43,87,100,2.12,KE,1707680211
283,polyarnyy,69.1989,33.4478,-16.05,94,100,2.91,RU,1707680212
284,wladyslawowo,54.7909,18.4009,3.85,98,100,8.87,PL,1707680212
285,geraldton,-28.7667,114.6,22.23,88,0,4.12,AU,1707680213
286,new norfolk,-42.7826,147.0587,14.84,96,100,1.11,AU,1707680214
287,bechar,31.6167,-2.2167,19.18,27,35,2.57,DZ,1707680214
288,san pedro pochutla,15.7333,-96.4667,29.84,44,0,5.11,MX,1707680214
289,tanjung pandan,-2.75,107.65,27.69,80,66,7.89,ID,1707680215
290,ixtapa,20.7,-105.2,25.57,61,75,3.6,MX,1707680215
291,lubango,-14.9172,13.4925,19.92,73,75,2.57,AO,1707680117
292,newman,37.3138,-121.0208,14.03,70,85,0.89,US,1707680216
293,tenno,39.9,139.9667,1.81,61,97,3.23,JP,1707680217
294,rio grande,-32.035,-52.0986,29.06,84,96,4.12,BR,1707680217
295,cavan,53.9908,-7.3606,2.31,93,54,3.36,IE,1707680025
296,long beach,33.767,-118.1892,19.58,38,0,2.06,US,1707679671
297,greymouth,-42.4667,171.2,11.83,74,100,2.0,NZ,1707680137
298,carolina beach,34.0352,-77.8936,22.82,77,100,6.46,US,1707680219
299,portland,45.5234,-122.6762,12.32,92,100,5.66,US,1707679787
300,berezovyy,51.6667,135.7,-16.32,89,100,2.55,RU,1707680179
301,al muharraq,26.2572,50.6119,15.98,89,40,6.17,BH,1707680220
302,wagar,16.1525,36.2032,22.73,53,17,7.08,SD,1707680221
303,remire-montjoly,4.9167,-52.2667,29.02,74,75,5.66,GF,1707680221
304,chinchani,19.8667,72.7,22.24,53,4,3.2,IN,1707680222
305,badger,64.8,-147.5333,-5.57,91,100,2.57,US,1707680222
306,den burg,53.0542,4.7972,8.31,98,100,3.6,NL,1707680223
307,luderitz,-26.6481,15.1594,18.4,92,3,2.42,NA,1707680223
308,paracuru,-3.41,-39.0306,28.95,74,98,5.42,BR,1707680224
309,macau,22.2006,113.5461,16.85,67,0,4.63,MO,1707680225
310,vilyuysk,63.7553,121.6247,-30.0,95,100,4.02,RU,1707680226
311,barra de santo antonio,-9.4047,-35.5072,29.6,76,100,4.31,BR,1707680173
312,kourou,5.1552,-52.6478,29.03,68,12,4.19,GF,1707680095
313,kuala terengganu,5.3302,103.1408,26.97,78,40,4.63,MY,1707680163
314,horta,38.5333,-28.6333,17.8,89,40,8.75,PT,1707680054
315,winslow,35.0242,-110.6974,4.1,41,0,3.6,US,1707680228
316,suva,-18.1416,178.4415,26.71,94,75,0.0,FJ,1707679985
317,uliastay,47.7417,96.8444,-8.42,75,100,2.74,MN,1707680229
318,visby,57.6409,18.296,0.58,93,75,6.17,SE,1707680229
319,sisimiut,66.9395,-53.6735,-20.33,93,95,2.62,GL,1707680159
320,dodge city,37.7528,-100.0171,0.7,91,100,6.69,US,1707680231
321,shimoda,34.6667,138.95,4.5,67,0,10.65,JP,1707680231
322,atherton,53.5237,-2.4935,7.16,88,23,1.34,GB,1707680231
323,leava,-14.3,-178.1667,28.76,83,100,9.06,WF,1707680232
324,nogliki,51.8333,143.1667,-22.03,100,65,2.24,RU,1707680230
325,nikolayevsk-on-amure,53.1406,140.73,-21.44,99,99,0.98,RU,1707680233
326,nuriootpa,-34.4833,139.0,23.14,44,0,3.54,AU,1707680039
327,las palmas,28.4204,-14.0131,18.44,83,40,5.14,ES,1707680234
328,yemva,62.59,50.8594,-25.44,100,100,1.46,RU,1707680234
329,palmares do sul,-30.2578,-50.5097,24.51,88,77,3.73,BR,1707680221
330,poronaysk,49.2167,143.1167,-23.68,97,11,0.68,RU,1707680235
331,balabac,7.9868,117.0645,26.74,79,100,8.8,PH,1707680235
332,mogadishu,2.0371,45.3438,26.0,87,49,8.51,SO,1707680236
333,taro,-8.3862,115.28,25.0,94,100,0.68,ID,1707680236
334,nagasaki,32.7447,129.8736,6.57,67,5,3.94,JP,1707680237
335,cabo san lucas,22.8909,-109.9124,24.23,56,0,4.63,MX,1707680133
336,north bay,46.3168,-79.4663,-0.03,86,100,5.66,CA,1707680070
337,taguatinga,-12.3857,-46.5711,21.97,94,100,1.19,BR,1707680239
338,qaqortoq,60.7167,-46.0333,-16.1,74,99,2.29,GL,1707680128
339,margate,51.3813,1.3862,8.83,86,15,0.89,GB,1707680093
340,kamen'-na-obi,53.7884,81.3423,-15.25,93,98,4.98,RU,1707680240
341,mermoz boabab,14.7065,-17.4758,29.31,83,0,3.09,SN,1707680241
342,akureyri,65.6835,-18.0878,0.96,69,100,4.12,IS,1707680132
343,nsanje,-16.92,35.262,24.24,90,94,1.99,MW,1707680241
344,bakal,54.9417,58.8083,-18.45,98,100,1.67,RU,1707680242
345,afaahiti,-17.75,-149.2833,27.81,85,99,11.63,PF,1707680242
346,gumdag,39.2061,54.5906,12.32,49,45,4.84,TM,1707680243
347,antalaha,-14.9003,50.2788,24.93,92,99,1.67,MG,1707680126
348,port alfred,-33.5906,26.891,21.21,80,63,3.58,ZA,1707680244
349,san fernando de apure,7.8878,-67.4724,36.03,31,8,4.29,VE,1707680244
350,fergana,40.3842,71.7843,6.09,52,20,4.12,UZ,1707680245
351,shanhaiguan,39.9988,119.7564,-1.06,70,0,2.36,CN,1707680245
352,were ilu,10.6,39.4333,13.07,81,15,2.76,ET,1707680246
353,tongliao,43.6125,122.2653,-5.59,69,0,6.97,CN,1707680246
354,ain sukhna,29.6002,32.3167,15.55,54,59,2.25,EG,1707680247
355,elliot lake,46.3834,-82.6331,-1.06,74,100,3.63,CA,1707680247
356,port lincoln,-34.7333,135.8667,17.08,90,0,1.88,AU,1707680247
357,colonia,50.9333,6.95,10.03,82,75,2.57,DE,1707680248
358,potosi,-19.5836,-65.7531,13.02,61,97,4.76,BO,1707680248
359,key west,24.5557,-81.7826,26.0,78,0,5.14,US,1707680112
360,chinde,26.8418,88.0763,9.15,47,0,2.17,NP,1707680249
361,restrepo,3.822,-76.5224,29.19,70,50,2.71,CO,1707680250
362,kirensk,57.7853,108.1119,-9.46,94,73,1.34,RU,1707680250
363,lhasa,29.65,91.1,-1.67,48,81,1.56,CN,1707680251
364,ogwashi-uku,6.1782,6.5243,30.99,40,4,1.46,NG,1707680252
365,boende,-0.2167,20.8667,29.51,43,100,0.95,CD,1707680153
366,al wajh,26.2455,36.4525,19.97,45,0,3.09,SA,1707680252
367,juneau,58.3019,-134.4197,3.01,93,75,6.17,US,1707680253
368,fale old settlement,-9.3852,-171.2468,27.2,85,100,5.57,TK,1707680253
369,oelwein,42.6733,-91.9135,3.68,73,28,3.13,US,1707680254
370,isangel,-19.55,169.2667,27.17,86,70,4.45,VU,1707680254
371,invercargill,-46.4,168.35,11.12,87,100,2.24,NZ,1707680103
372,volokolamsk,56.0336,35.9694,-5.33,94,100,3.88,RU,1707680255
373,antonio enes,-16.2325,39.9086,26.02,90,100,3.55,MZ,1707680256
374,dembi dolo,8.5333,34.8,21.68,46,68,0.71,ET,1707680257
375,nova vicosa,-17.8919,-39.3719,27.66,73,21,4.17,BR,1707680257
376,pasni,25.2631,63.471,21.39,53,100,1.03,PK,1707680258
377,al mishkhab,31.8042,44.4911,13.06,73,4,2.53,IQ,1707680258
378,alto barinas,8.5931,-70.2261,35.28,30,9,3.41,VE,1707680259
379,port-gentil,-0.7193,8.7815,27.98,94,40,1.54,GA,1707680259
380,nanao,37.05,136.9667,1.82,98,100,3.65,JP,1707680259
381,vila velha,-20.3297,-40.2925,30.97,79,40,4.63,BR,1707680260
382,taoudenni,22.6783,-3.9836,26.86,21,0,3.66,ML,1707680260
383,ilomantsi,62.6716,30.9328,-20.73,100,100,1.44,FI,1707680261
384,katima mulilo,-17.5,24.2667,21.99,79,20,1.6,NA,1707680261
385,as sulayyil,20.4607,45.5779,22.14,15,33,4.33,SA,1707680262
386,udachny,66.4167,112.4,-30.97,97,100,3.83,RU,1707680205
387,aibak,36.2647,68.0155,10.09,34,100,2.97,AF,1707680263
388,pir jo goth,27.591,68.6179,14.0,13,94,2.95,PK,1707680263
389,broken hill,-31.95,141.4333,25.49,39,0,4.49,AU,1707680264
390,aoulef,26.9667,1.0833,24.11,30,0,3.46,DZ,1707680264
391,east ballina,-28.8667,153.5833,21.56,77,92,4.85,AU,1707680265
392,crane,31.3974,-102.3501,11.77,38,44,8.06,US,1707680265
393,isafjordur,66.0755,-23.124,0.74,81,67,10.95,IS,1707680266
394,arkhangel'sk,64.5401,40.5433,-22.72,76,20,1.0,RU,1707680266
395,severobaykal'sk,55.65,109.3167,-10.83,84,17,3.97,RU,1707680266
396,toamasina,-18.1667,49.3833,26.0,94,75,2.06,MG,1707680267
397,sao miguel,-5.4667,-35.3667,31.43,70,15,6.75,BR,1707680267
398,zaragoza,41.6561,-0.8773,11.12,60,0,3.6,ES,1707679891
399,kristiansund,63.1115,7.732,-0.64,64,0,3.6,NO,1707680268
400,pavlohrad,48.5167,35.8667,9.5,84,100,6.31,UA,1707680269
401,quellon,-43.1167,-73.6167,14.68,53,57,6.91,CL,1707680269
402,jincheng,35.5022,112.8328,2.24,54,0,2.08,CN,1707680270
403,sitka,57.0531,-135.33,5.94,70,75,4.63,US,1707680270
404,irakleion,35.3279,25.1434,17.09,72,40,8.75,GR,1707680271
405,novodvinsk,64.4165,40.8122,-22.92,100,84,1.36,RU,1707680271
406,keflavik,64.0049,-22.5624,0.24,59,0,4.63,IS,1707680272
407,saint-felicien,48.6501,-72.4491,-0.62,86,100,4.12,CA,1707680272
408,kuraymah,18.55,31.85,20.09,14,0,3.94,SD,1707680272
409,kapa'a,22.0752,-159.319,25.05,77,75,3.09,US,1707680273
410,masuguru,-11.3667,38.4167,23.06,99,100,0.98,TZ,1707680273
411,kununurra,-15.7667,128.7333,24.99,100,100,2.57,AU,1707680184
412,fort st. john,56.2499,-120.8529,0.94,51,40,5.14,CA,1707680274
413,courtenay,49.6866,-124.9936,7.11,87,100,4.63,CA,1707680064
414,san andres,12.5847,-81.7006,30.01,70,40,5.66,CO,1707680275
415,tabursuq,36.4569,9.2475,9.16,74,99,7.32,TN,1707680275
416,charnay-les-macon,46.3075,4.7848,8.22,86,41,2.14,FR,1707680276
417,pingliang,35.5392,106.6861,1.77,56,0,0.76,CN,1707680276
418,motygino,58.1831,94.7592,-14.94,93,100,3.62,RU,1707680278
419,tupaciguara,-18.5922,-48.705,24.05,79,77,4.27,BR,1707680278
420,neelankarai,12.9455,80.2575,25.03,78,40,1.03,IN,1707680279
421,talalayivka,50.9578,31.9209,2.65,100,100,3.89,UA,1707680279
422,gorno-altaysk,51.9561,85.955,-14.71,98,100,1.34,RU,1707680279
423,zdvinsk,54.7021,78.661,-17.03,95,100,5.27,RU,1707680280
424,tanout,14.9709,8.8879,24.2,7,0,3.95,NE,1707680280
425,namibe,-15.1961,12.1522,25.6,78,100,2.45,AO,1707680281
426,childress,34.4264,-100.204,1.14,93,100,8.23,US,1707680281
427,contai,21.7786,87.7536,19.96,49,72,0.31,IN,1707680282
428,tromso,69.6496,18.957,-4.99,80,20,1.54,NO,1707680097
429,la sarre,48.8002,-79.1996,-4.99,83,100,3.53,CA,1707680007
430,vigan,17.5747,120.3869,21.92,72,67,4.26,PH,1707680283
431,urangan,-25.3,152.9,22.33,91,24,2.68,AU,1707680284
432,spearfish,44.4908,-103.8594,6.6,35,16,6.17,US,1707680281
433,odzak,45.0111,18.3267,11.72,72,100,2.26,BA,1707680286
434,dalandzadgad,43.5708,104.425,-10.25,72,0,2.48,MN,1707680101
435,sydney mines,46.2367,-60.2177,5.36,83,40,3.6,CA,1707680286
436,sidney,-33.8679,151.2073,21.61,82,20,3.6,AU,1707680122
437,maun,-19.9833,23.4167,26.22,42,15,3.36,BW,1707680287
438,posto fiscal rolim de moura,-13.0833,-62.2667,31.0,61,60,2.19,BR,1707680288
439,fisterra,42.9049,-9.2629,13.75,92,93,10.28,ES,1707680288
440,cholpon-ata,42.6494,77.0823,-0.97,49,79,1.82,KG,1707680289
441,rabo de peixe,37.8,-25.5833,17.77,99,75,6.69,PT,1707680289
442,linxi,39.7,118.4333,0.79,67,0,0.85,CN,1707680290
443,simanggang,1.2472,111.4528,25.01,94,100,0.0,MY,1707680290
444,saguenay,48.4168,-71.0657,1.45,85,100,5.66,CA,1707680048
445,sal rei,16.1833,-22.9167,24.11,73,20,7.2,CV,1707680292
446,touros,-5.1989,-35.4608,28.1,81,11,7.86,BR,1707680228
447,bayevo,53.2833,80.7667,-13.81,93,100,5.76,RU,1707680293
448,atar,20.5169,-13.0499,26.2,29,0,4.73,MR,1707680294
449,itaituba,-4.2761,-55.9836,33.09,62,40,3.6,BR,1707680294
450,nagqu,31.5,92.0,-12.14,54,100,1.97,CN,1707680295
451,saudarkrokur,65.7461,-19.6394,-0.86,76,100,4.84,IS,1707680296
452,saiha,22.4833,92.9667,11.61,51,29,1.71,IN,1707680296
453,drobeta-turnu severin,44.6319,22.6561,11.17,79,100,2.08,RO,1707680297
454,saipan,15.1355,145.701,25.39,69,0,5.14,MP,1707680298
455,jamiltepec,16.2833,-97.8167,31.95,30,0,3.37,MX,1707680299
456,soio,-6.1349,12.3689,28.19,80,100,3.19,AO,1707680300
457,harstad,68.799,16.5293,-3.8,71,50,3.53,NO,1707680300
458,beipiao,41.7919,120.7792,-3.72,55,0,2.43,CN,1707680301
459,kudahuvadhoo,2.6708,72.8944,27.35,80,63,7.38,MV,1707680301
460,moab,38.5733,-109.5498,4.23,48,6,3.94,US,1707680302
461,vitre,48.1178,-1.2058,6.9,92,72,2.54,FR,1707680303
462,hinton,53.4001,-117.5857,1.43,74,91,1.75,CA,1707680303
463,saint-francois,46.4154,3.9054,8.69,78,100,4.12,FR,1707680140
464,changshu city,31.6462,120.7422,6.62,66,0,2.72,CN,1707680305
465,lashio,22.9333,97.75,10.85,69,0,0.76,MM,1707680305
466,tuburan,6.6439,122.2736,26.7,65,33,5.37,PH,1707680306
467,broome,42.2506,-75.833,4.83,77,100,2.06,US,1707680306
468,miri,4.4148,114.0089,26.08,89,20,2.06,MY,1707680307
469,gizo,-8.103,156.8419,27.27,81,90,4.0,SB,1707680308
470,masterton,-40.9597,175.6575,11.72,56,10,1.02,NZ,1707680308
471,villa regina,-39.1,-67.0667,32.77,15,51,2.68,AR,1707680309
472,fort william,56.8165,-5.1121,5.17,95,100,1.08,GB,1707680310
473,naze,28.3667,129.4833,12.51,58,5,7.34,JP,1707680310
474,lompoc,34.6391,-120.4579,18.72,53,0,0.45,US,1707680018
475,smithers,54.7804,-127.1743,-4.82,100,100,1.03,CA,1707680311
476,queenstown,-31.8976,26.8753,13.69,92,0,2.36,ZA,1707680312
477,tymovskoye,50.8456,142.655,-23.04,98,67,1.83,RU,1707680313
478,tiberias,32.7922,35.5312,17.47,59,100,2.32,IL,1707680313
479,horasan,40.0458,42.1728,-6.12,96,33,2.27,TR,1707680314
480,maceio,-9.6658,-35.7353,29.69,79,40,5.66,BR,1707680122
481,pimenta bueno,-11.6725,-61.1936,24.59,94,100,1.09,BR,1707680315
482,petropavlovka,50.6114,105.3196,-8.93,87,100,1.22,RU,1707680316
483,kavaratti,10.5669,72.642,27.85,75,3,4.75,IN,1707680100
484,puerto baquerizo moreno,-0.9,-89.6,29.55,74,75,5.14,EC,1707680079
485,chimbote,-9.0853,-78.5783,23.77,88,15,5.21,PE,1707680133
486,campo gallo,-26.5833,-62.85,35.68,39,97,2.81,AR,1707680319
487,bel ombre,-4.6167,55.4167,28.91,74,40,7.2,SC,1707680320
488,nuuk,64.1835,-51.7216,-13.66,66,47,7.2,GL,1707680220
489,kawm umbu,24.4767,32.9463,18.88,20,0,3.4,EG,1707680321
490,waat,51.1454,6.4958,9.99,92,20,1.03,DE,1707680322
491,arawa,-6.2132,155.5367,26.91,78,96,1.11,PG,1707680322
492,pekanbaru,0.5333,101.45,26.18,89,100,2.06,ID,1707680323
493,kushiro,42.975,144.3747,-8.47,86,36,3.09,JP,1707680318
494,wad rawah,15.1603,33.1397,23.82,12,0,5.07,SD,1707680324
495,priozersk,61.0393,30.1291,-8.92,84,87,3.51,RU,1707680325
496,andapa,-14.65,49.65,21.8,99,94,0.78,MG,1707680326
497,reggane,26.7158,0.1714,23.74,29,0,2.18,DZ,1707680326
498,sao felipe,-14.8167,-41.3833,26.92,64,100,3.11,BR,1707680327
499,cruzeiro do sul,-29.5128,-51.9853,26.21,82,100,1.22,BR,1707680328
500,lijiang,26.8688,100.2207,0.91,89,9,2.24,CN,1707680328
501,carnarvon,-24.8667,113.6333,25.51,72,0,7.81,AU,1707680329
502,al qitena,14.8648,32.3668,23.73,11,0,5.4,SD,1707680329
503,sefaatli,39.5043,34.7563,8.98,62,100,1.91,TR,1707680330
504,novohrad-volynskyi,50.5941,27.6165,5.57,92,100,3.1,UA,1707680331
505,nadi,-17.8,177.4167,28.0,89,75,2.06,FJ,1707680152
506,chebba,35.2372,11.115,13.09,55,51,7.41,TN,1707680181
507,eket,4.6412,7.9209,28.34,78,7,4.34,NG,1707680333
508,fonte boa,-2.4959,-66.2662,29.13,82,57,1.81,BR,1707680333
509,ciudad obregon,27.4833,-109.9333,17.12,31,0,5.66,MX,1707680244
510,tazacorte,28.629,-17.9293,19.54,96,75,1.03,ES,1707680335
511,belogorsk,50.9158,128.4611,-8.24,87,100,7.27,RU,1707680335
512,kapit,2.0167,112.9333,23.38,100,100,0.37,MY,1707680336
513,bilovods'k,49.2085,39.5897,1.49,100,100,3.6,UA,1707680337
514,hirara,24.8,125.2833,15.92,62,75,4.12,JP,1707680337
515,creston,41.0586,-94.3614,5.95,69,100,0.0,US,1707680338
516,inongo,-1.95,18.2667,26.21,70,73,2.8,CD,1707680339
517,palikir - national government center,6.9248,158.1611,27.41,74,100,4.12,FM,1707680340
518,kenai,60.5544,-151.2583,-6.97,93,0,3.09,US,1707680341
519,alto parana,-23.1289,-52.3189,36.39,21,80,4.19,BR,1707680342
520,tual,-5.6667,132.75,28.57,78,100,5.45,ID,1707680343
521,katsuura,35.1333,140.3,5.45,89,85,5.62,JP,1707680344
522,buxerolles,46.6167,0.4833,6.97,81,0,3.6,FR,1707680344
523,srivardhan,18.0333,73.0167,22.05,59,12,3.15,IN,1707680345
524,mount gambier,-37.8333,140.7667,11.62,96,1,0.96,AU,1707680346
525,guayaramerin,-10.8368,-65.3614,27.03,94,100,4.12,BO,1707680346
526,nanakuli,21.3906,-158.1547,25.9,75,0,2.06,US,1707680347
527,djambala,-2.5447,14.7533,21.76,86,99,1.28,CG,1707680348
528,marsh harbour,26.5412,-77.0636,23.49,72,90,5.9,BS,1707680084
529,nizhneudinsk,54.9076,99.0276,-18.18,96,67,1.57,RU,1707680349
530,port alberni,49.2413,-124.8028,7.84,95,100,1.34,CA,1707680350
531,basoko,1.2391,23.616,26.82,57,99,1.71,CD,1707680351
532,east london,-33.0153,27.9116,21.5,77,55,7.72,ZA,1707680107
533,porto seguro,-16.4497,-39.0647,29.29,79,40,3.09,BR,1707680229
534,carutapera,-1.195,-46.02,27.04,85,61,3.13,BR,1707680144
535,primorsk,46.7348,36.3443,7.85,79,100,6.41,UA,1707680354
536,ust'-barguzin,53.45,108.9833,-5.87,81,100,1.88,RU,1707680354
537,port moresby,-9.4431,147.1797,24.68,94,40,2.57,PG,1707680302
538,tafuna,-14.3358,-170.72,27.97,100,100,3.6,AS,1707680356
539,xiaoshi,41.2971,124.1209,-7.64,86,5,2.67,CN,1707680356
540,bonanza,14.0289,-84.591,30.55,49,70,2.68,NI,1707680357
541,mount pearl,47.5166,-52.7813,3.58,85,75,3.6,CA,1707680358
542,bonnyville,54.2668,-110.735,0.89,62,0,4.2,CA,1707680359
543,villa gesell,-37.2639,-56.973,28.31,57,53,1.38,AR,1707680359
544,dzuunharaa,48.8523,106.4579,-6.43,78,100,2.63,MN,1707680360
545,ambodifotatra,-16.9833,49.85,26.92,82,97,3.13,MG,1707680084
546,dennery,13.8996,-60.8879,28.07,93,40,5.66,LC,1707680362
547,sechura,-5.5569,-80.8222,30.54,55,46,5.5,PE,1707680363
548,pedernales,18.0384,-71.744,27.71,49,0,0.99,DO,1707680363
549,askoy,60.4092,5.226,3.75,100,75,1.54,NO,1707680364
550,astaneh-ye ashrafiyeh,37.2596,49.9444,13.12,62,0,1.07,IR,1707680365
551,daru,-9.0763,143.2092,25.24,89,26,2.37,PG,1707680366
552,severo-yeniseyskiy,60.3725,93.0408,-18.09,94,100,4.3,RU,1707680263
553,rutana,-3.8667,30.1,14.84,95,100,0.56,BI,1707680368
554,port-vila,-17.7338,168.3219,26.82,83,12,2.13,VU,1707680286
555,meadow lakes,61.6247,-149.6011,-0.95,89,0,3.09,US,1707680369
556,acarau,-2.8856,-40.12,28.26,79,100,6.95,BR,1707680370
557,belmonte,-15.8631,-38.8828,27.93,74,92,3.41,BR,1707680161
558,amarante do maranhao,-5.5667,-46.7422,23.89,91,100,2.09,BR,1707680371
559,grand falls-windsor,48.9332,-55.6649,2.5,93,100,0.45,CA,1707680372
560,kiunga,-6.1219,141.2906,23.05,99,100,0.51,PG,1707680372
561,conception bay south,47.4999,-52.9981,3.91,85,100,2.06,CA,1707680157
562,diego de almagro,-26.3667,-70.05,29.44,30,100,6.27,CL,1707680374
563,steinbach,50.1667,8.5667,9.54,88,75,4.63,DE,1707680374
564,revda,56.801,59.9303,-17.06,94,100,4.75,RU,1707680375
565,yulinshi,38.2906,109.7494,-3.95,82,3,1.29,CN,1707680376
566,al bawiti,28.3492,28.8659,16.1,44,100,2.36,EG,1707680376
567,buka,40.8108,69.1986,10.45,44,0,0.77,UZ,1707680377
568,tupiza,-21.45,-65.7167,22.9,39,100,4.99,BO,1707680378
569,gur'yevsk,54.2833,85.9333,-16.82,93,87,4.91,RU,1707680379
570,shalqar,47.8333,59.6,-13.22,85,98,2.59,KZ,1707680379
571,shilka,51.85,116.0333,-14.21,95,100,2.83,RU,1707680381
572,bayganin,48.6947,55.8742,-14.5,82,53,4.04,KZ,1707680382
573,ivdel',60.6911,60.4206,-28.23,98,5,1.79,RU,1707680383
574,waddan,29.1614,16.139,21.7,19,100,2.7,LY,1707680384
575,kavalerovo,44.2661,135.0572,-13.03,99,81,1.79,RU,1707680385
576,linhares,-19.3911,-40.0722,27.91,72,10,3.97,BR,1707680386
577,lib,8.3122,167.3766,26.66,77,100,11.02,MH,1707680386
578,tofol,5.3248,163.0078,27.51,75,100,9.96,FM,1707680172
579,kuanda,56.3161,116.0806,-14.58,97,100,0.98,RU,1707680388
580,faya-largeau,17.9257,19.1043,25.26,10,0,3.92,TD,1707680388
